t,estimator,compute_ms
10.064000,pf,19.9244
10.142000,pf,11.3368
10.180000,pf,8.4673
10.246000,pf,13.1806
10.331000,pf,13.6601
10.363000,pf,4.4649
10.423000,pf,10.4047
10.465000,pf,5.4933
10.525000,pf,8.2602
10.563000,pf,13.1601
10.621000,pf,8.9854
10.706000,pf,20.1426
10.740000,pf,5.1491
10.840000,pf,3.3964
10.870000,pf,5.0993
10.925000,pf,7.9940
10.969000,pf,7.1055
11.078000,pf,12.5580
11.135000,pf,3.9455
11.232000,pf,7.1252
11.342000,pf,6.1918
11.436000,pf,6.4705
11.546000,pf,6.3839
11.642000,pf,8.4798
11.741000,pf,6.7794
11.877000,pf,10.9059
11.921000,pf,8.7893
12.027000,pf,11.6069
12.123000,pf,5.8515
12.223000,pf,3.5880
12.334000,pf,31.9427
12.429000,pf,10.0791
12.521000,pf,6.0225
12.574000,pf,8.3920
12.623000,pf,4.4142
12.675000,pf,8.9750
12.725000,pf,6.2384
12.818000,pf,9.6629
12.871000,pf,6.3420
12.983000,pf,6.9753
13.071000,pf,6.4616
13.172000,pf,16.3357
13.280000,pf,3.7812
13.371000,pf,8.0361
13.474000,pf,4.4414
13.597000,pf,10.5924
13.668000,pf,7.9291
13.778000,pf,23.7707
13.823000,pf,11.4561
13.921000,pf,10.2291
13.996000,pf,8.5079
14.130000,pf,6.4197
14.244000,pf,3.7772
14.424000,pf,6.2438
14.673000,pf,9.5435
14.741000,pf,10.2027
14.835000,pf,5.1178
14.972000,pf,6.7413
15.041000,pf,13.8844
15.073000,pf,8.5695
15.170000,pf,3.7566
15.321000,pf,4.4590
15.367000,pf,9.8877
15.455000,pf,17.2515
15.536000,pf,5.9300
15.643000,pf,9.0019
15.722000,pf,9.2482
15.828000,pf,11.9804
15.932000,pf,3.7584
16.027000,pf,11.2666
16.132000,pf,20.4495
16.169000,pf,7.9199
16.234000,pf,3.1506
16.337000,pf,10.9992
16.454000,pf,14.4836
16.533000,pf,5.1221
16.622000,pf,12.6432
16.680000,pf,5.0494
16.741000,pf,3.8243
16.771000,pf,14.1110
16.865000,pf,11.3016
16.952000,pf,8.2906
17.066000,pf,11.4659
17.132000,pf,4.0617
17.266000,pf,8.3730
17.370000,pf,7.8214
17.639000,pf,19.1428
17.667000,pf,8.6951
17.740000,pf,10.6516
17.833000,pf,10.4890
17.932000,pf,4.4833
18.029000,pf,4.8239
18.135000,pf,5.1858
18.165000,pf,9.6631
18.222000,pf,12.2310
18.280000,pf,16.1481
18.372000,pf,8.5508
18.423000,pf,9.0707
18.547000,pf,10.3215
18.633000,pf,13.7910
18.681000,pf,9.4316
18.747000,pf,14.2309
18.784000,pf,5.8300
18.882000,pf,14.1445
19.020000,pf,17.6006
19.128000,pf,4.6847
19.242000,pf,3.6426
19.326000,pf,11.4817
19.445000,pf,8.4368
19.520000,pf,4.0026
19.570000,pf,6.1196
19.681000,pf,9.0897
19.726000,pf,6.8552
19.831000,pf,9.4464
19.924000,pf,13.5566
19.974000,pf,4.4369
20.070000,pf,5.7506
20.164000,pf,12.9673
20.223000,pf,11.4210
20.319000,pf,8.5945
20.486000,pf,31.1908
20.623000,pf,6.5712
20.732000,pf,15.8731
20.818000,pf,16.6404
20.923000,pf,12.7358
21.040000,pf,25.6378
21.123000,pf,6.9829
21.220000,pf,8.5280
21.335000,pf,6.8928
21.380000,pf,11.8962
21.423000,pf,6.0533
21.528000,pf,12.0654
21.560000,pf,3.2990
21.673000,pf,21.6548
21.773000,pf,6.4857
21.890000,pf,6.5789
21.965000,pf,17.8908
22.016000,pf,6.3553
22.124000,pf,7.0437
22.226000,pf,4.8547
22.320000,pf,3.8183
22.430000,pf,9.7629
22.522000,pf,11.3168
22.615000,pf,8.5883
22.729000,pf,14.2703
22.780000,pf,30.4375
22.863000,pf,9.1581
22.970000,pf,9.8660
23.068000,pf,9.7728
23.156000,pf,20.6539
23.193000,pf,10.7122
23.232000,pf,15.3127
23.456000,pf,9.8132
23.522000,pf,8.1364
23.620000,pf,8.0837
23.726000,pf,12.9314
23.824000,pf,3.7136
23.880000,pf,9.6816
23.967000,pf,16.6954
24.025000,pf,4.6303
24.127000,pf,6.2025
24.225000,pf,12.7480
24.342000,pf,12.2008
24.432000,pf,9.5778
24.550000,pf,9.9172
24.629000,pf,3.8278
24.724000,pf,9.1416
24.839000,pf,11.9396
24.942000,pf,12.4820
25.051000,pf,8.8503
25.134000,pf,9.8787
25.230000,pf,11.1757
25.327000,pf,9.6466
25.371000,pf,14.3670
25.423000,pf,3.8214
25.527000,pf,8.5661
25.666000,pf,10.0623
25.728000,pf,9.4010
25.821000,pf,3.7799
25.928000,pf,10.0123
26.028000,pf,5.8677
26.120000,pf,14.6185
26.220000,pf,21.3199
26.321000,pf,7.8824
26.546000,pf,45.3941
26.730000,pf,7.3962
26.866000,pf,9.8421
26.923000,pf,3.1971
26.972000,pf,5.1012
27.020000,pf,8.5339
27.148000,pf,11.5766
27.234000,pf,6.7273
27.266000,pf,9.7528
27.334000,pf,10.9874
27.429000,pf,4.5965
27.537000,pf,9.1233
27.628000,pf,3.7402
27.734000,pf,6.5138
27.847000,pf,12.7075
27.923000,pf,6.2655
28.025000,pf,9.9857
28.137000,pf,7.1132
28.234000,pf,15.6139
28.323000,pf,7.8394
28.436000,pf,7.3234
28.477000,pf,15.8014
28.573000,pf,6.6028
28.666000,pf,9.6231
28.832000,pf,16.0545
28.991000,pf,19.9656
29.135000,pf,9.2661
29.439000,pf,10.0156
30.120000,pf,8.9902
30.826000,pf,10.3500
30.867000,pf,6.3629
30.923000,pf,11.9265
30.966000,pf,9.4117
31.047000,pf,6.9471
31.122000,pf,7.8463
31.166000,pf,9.5999
31.234000,pf,9.0042
31.274000,pf,13.9016
31.341000,pf,12.7347
31.389000,pf,14.2805
31.417000,pf,5.8627
31.467000,pf,5.8658
31.527000,pf,13.6233
31.628000,pf,15.0398
31.762000,pf,3.9642
31.833000,pf,10.3774
31.930000,pf,4.6828
31.964000,pf,8.0548
32.063000,pf,6.4678
32.143000,pf,7.2590
32.237000,pf,13.3648
32.291000,pf,11.8992
32.372000,pf,15.4037
32.433000,pf,6.8708
32.536000,pf,4.9538
32.588000,pf,7.1437
32.742000,pf,6.0309
32.850000,pf,13.3019
32.926000,pf,8.5111
32.971000,pf,11.8296
33.036000,pf,5.1270
33.071000,pf,9.0013
33.134000,pf,5.5472
33.228000,pf,14.9219
33.329000,pf,16.5245
33.435000,pf,6.7965
33.501000,pf,14.4175
33.569000,pf,9.0001
33.640000,pf,9.8081
33.666000,pf,5.9251
33.769000,pf,6.4569
33.891000,pf,15.1609
33.942000,pf,10.3728
34.034000,pf,8.0304
34.154000,pf,6.8554
34.223000,pf,4.4203
34.325000,pf,9.0088
34.432000,pf,6.9870
34.527000,pf,3.8469
34.627000,pf,11.3647
34.675000,pf,6.6186
34.753000,pf,21.2933
34.826000,pf,9.8209
34.924000,pf,6.3841
35.036000,pf,8.8638
35.091000,pf,5.4488
35.224000,pf,5.6158
35.277000,pf,19.2055
35.335000,pf,12.7519
35.481000,pf,10.5474
35.568000,pf,8.4143
35.648000,pf,9.4568
35.736000,pf,18.1965
35.778000,pf,11.3811
35.850000,pf,8.0457
35.922000,pf,7.1919
36.036000,pf,5.7094
36.144000,pf,12.7874
36.176000,pf,7.1272
36.235000,pf,4.5698
36.276000,pf,10.1109
36.322000,pf,5.6629
36.371000,pf,18.9259
36.438000,pf,3.9595
36.527000,pf,9.2056
36.624000,pf,5.8257
36.765000,pf,6.2069
36.836000,pf,15.0277
36.942000,pf,10.3896
37.041000,pf,6.9070
37.125000,pf,15.1204
37.180000,pf,10.8489
37.235000,pf,9.2060
37.322000,pf,16.2335
37.375000,pf,4.6777
37.471000,pf,12.1623
37.519000,pf,7.4949
37.638000,pf,18.9004
37.687000,pf,11.5143
37.771000,pf,12.3439
37.828000,pf,3.7122
37.928000,pf,4.4710
38.020000,pf,5.7273
38.126000,pf,13.1485
38.230000,pf,6.9478
38.269000,pf,5.7991
38.346000,pf,9.0992
38.435000,pf,10.6183
38.517000,pf,11.7686
38.561000,pf,12.6585
38.793000,pf,6.2582
38.826000,pf,21.0905
38.863000,pf,7.3311
38.939000,pf,19.6988
38.973000,pf,7.8522
39.029000,pf,12.3483
39.071000,pf,17.0111
39.144000,pf,15.8595
39.180000,pf,10.7649
39.245000,pf,3.8002
39.323000,pf,9.8244
39.381000,pf,15.8912
39.437000,pf,5.4300
39.466000,pf,9.2151
39.524000,pf,7.8499
39.569000,pf,13.0704
39.623000,pf,5.5897
39.687000,pf,23.7655
39.750000,pf,19.9144
39.836000,pf,9.7161
39.876000,pf,8.2101
39.927000,pf,4.0318
39.978000,pf,6.5422
40.080000,pf,16.7843
40.174000,pf,13.3704
40.340000,pf,11.9175
40.438000,pf,8.9093
40.469000,pf,5.8515
40.526000,pf,9.7038
40.568000,pf,5.2919
40.624000,pf,6.9162
40.671000,pf,10.1134
40.832000,pf,10.9994
40.944000,pf,12.5506
41.022000,pf,5.5362
41.107000,pf,34.8498
41.176000,pf,14.9176
41.267000,pf,5.7657
41.317000,pf,17.5300
41.387000,pf,9.1541
41.537000,pf,10.0311
41.625000,pf,10.5452
41.724000,pf,8.6893
41.819000,pf,5.8284
41.869000,pf,6.2534
41.929000,pf,10.3062
42.077000,pf,13.0188
42.132000,pf,11.3967
42.233000,pf,5.5176
42.336000,pf,5.9158
42.429000,pf,9.0181
42.490000,pf,11.8825
42.572000,pf,17.0315
42.679000,pf,7.8705
42.766000,pf,7.3573
42.850000,pf,22.2275
42.942000,pf,7.6442
42.971000,pf,7.6511
43.036000,pf,11.0925
43.125000,pf,7.6508
43.232000,pf,10.7831
43.344000,pf,9.6192
43.426000,pf,14.5990
43.479000,pf,7.2359
43.567000,pf,12.8691
43.668000,pf,11.6053
43.730000,pf,9.7109
43.819000,pf,10.8124
43.871000,pf,4.8152
43.930000,pf,5.9533
43.969000,pf,13.0550
44.078000,pf,11.1548
44.138000,pf,6.5188
44.292000,pf,5.5730
44.427000,pf,7.8697
44.742000,pf,9.9702
44.868000,pf,14.4403
44.937000,pf,14.0858
45.036000,pf,20.5096
45.075000,pf,15.3064
45.148000,pf,11.6071
45.174000,pf,13.7492
45.253000,pf,9.1989
45.343000,pf,17.7826
45.431000,pf,3.2765
45.542000,pf,17.5392
45.623000,pf,6.2120
45.678000,pf,14.8237
45.774000,pf,3.1594
45.870000,pf,11.2083
45.930000,pf,6.6828
46.035000,pf,7.8905
46.121000,pf,8.7789
46.227000,pf,4.5872
46.323000,pf,7.2634
46.364000,pf,3.9931
46.423000,pf,6.5425
46.533000,pf,12.4013
46.651000,pf,17.8422
46.725000,pf,6.1080
46.830000,pf,9.7975
46.871000,pf,15.8663
46.979000,pf,18.3403
47.027000,pf,9.8911
47.133000,pf,17.5820
47.166000,pf,8.7588
47.295000,pf,15.8975
47.372000,pf,11.0397
47.472000,pf,4.0292
47.566000,pf,12.1951
47.623000,pf,12.8474
47.728000,pf,19.4644
47.831000,pf,12.2946
47.925000,pf,12.8355
48.025000,pf,12.0572
48.121000,pf,10.1706
48.184000,pf,14.7403
48.287000,pf,12.4696
48.376000,pf,15.1725
48.434000,pf,9.9237
48.533000,pf,10.3026
48.628000,pf,12.0992
48.728000,pf,8.0952
48.824000,pf,12.3693
48.893000,pf,15.2874
48.951000,pf,11.8891
49.030000,pf,9.4763
49.064000,pf,5.0699
49.175000,pf,11.8149
49.270000,pf,18.1782
49.327000,pf,10.8182
49.418000,pf,9.0183
49.476000,pf,8.9334
49.522000,pf,4.7923
49.624000,pf,11.0020
49.722000,pf,10.3181
49.816000,pf,6.7947
49.930000,pf,10.6947
50.016000,pf,12.9411
50.070000,pf,12.9748
50.135000,pf,6.9444
50.187000,pf,8.2532
50.338000,pf,8.9190
50.440000,pf,6.3431
50.565000,pf,12.3128
50.645000,pf,14.9826
50.768000,pf,23.4316
50.922000,pf,11.4956
51.025000,pf,7.4609
51.142000,pf,4.9331
51.220000,pf,12.5574
51.322000,pf,21.6888
51.392000,pf,20.8453
51.453000,pf,9.3715
51.515000,pf,9.1882
51.627000,pf,8.1864
51.739000,pf,12.1662
51.844000,pf,10.3321
51.926000,pf,21.2718
51.979000,pf,18.8874
52.040000,pf,20.6715
52.123000,pf,7.8896
52.159000,pf,4.5009
52.231000,pf,5.1322
52.431000,pf,5.4396
52.525000,pf,7.7262
52.624000,pf,19.6931
52.665000,pf,5.9014
52.719000,pf,6.7247
52.780000,pf,14.0530
52.922000,pf,14.2047
53.029000,pf,9.9798
53.131000,pf,9.0011
53.245000,pf,6.4948
53.325000,pf,7.3885
53.426000,pf,13.3237
53.531000,pf,14.9049
53.631000,pf,3.7789
53.750000,pf,24.3884
53.828000,pf,8.4848
53.901000,pf,13.4920
53.975000,pf,11.7510
54.086000,pf,21.0111
54.185000,pf,9.0645
54.240000,pf,9.4976
54.329000,pf,9.7524
54.473000,pf,14.9576
54.552000,pf,9.4867
54.681000,pf,13.1092
54.770000,pf,8.6935
54.837000,pf,4.7998
54.929000,pf,10.2982
55.022000,pf,3.8119
55.124000,pf,6.2961
55.248000,pf,24.8284
55.324000,pf,9.6565
55.362000,pf,9.3275
55.429000,pf,5.6253
55.526000,pf,19.8088
55.640000,pf,13.1983
55.735000,pf,3.8789
55.851000,pf,8.4599
55.933000,pf,10.5654
55.971000,pf,7.7229
56.059000,pf,17.0329
56.167000,pf,8.1608
56.268000,pf,15.0047
56.518000,pf,6.6630
56.674000,pf,7.5426
56.955000,pf,6.2345
57.340000,pf,12.1256
